ID,Result
GER090916#0,0
GER100916#0,1
GER100916#1,2
GER100916#2,0
GER100916#3,1
GER100916#4,2
GER100916#5,0
GER110916#0,1
GER110916#1,2
GER160916#0,0
GER170916#0,1
GER170916#1,2
GER170916#2,0
GER170916#3,1
GER170916#4,2
GER170916#5,0
GER180916#0,1
GER180916#1,2
GER200916#0,0
GER200916#1,1
GER200916#2,2
GER200916#3,0
GER210916#0,1
GER210916#1,2
GER210916#2,0
GER210916#3,1
GER210916#4,2
GER230916#0,0
GER240916#0,1
GER240916#1,2
GER240916#2,0
GER240916#3,1
GER240916#4,2
GER240916#5,0
GER250916#0,1
GER250916#1,2
GER300916#0,0
GER011016#0,1
GER011016#1,2
GER011016#2,0
GER011016#3,1
GER011016#4,2
GER011016#5,0
GER021016#0,1
GER021016#1,2
GER141016#0,0
GER151016#0,1
GER151016#1,2
GER151016#2,0
GER151016#3,1
GER151016#4,2
GER151016#5,0
GER161016#0,1
GER161016#1,2
GER211016#0,0
GER221016#0,1
GER221016#1,2
GER221016#2,0
GER221016#3,1
GER221016#4,2
GER221016#5,0
GER231016#0,1
GER231016#1,2
GER281016#0,0
GER291016#0,1
GER291016#1,2
GER291016#2,0
GER291016#3,1
GER291016#4,2
GER291016#5,0
GER301016#0,1
GER301016#1,2
GER041116#0,0
GER051116#0,1
GER051116#1,2
GER051116#2,0
GER051116#3,1
GER051116#4,2
GER051116#5,0
GER061116#0,1
GER061116#1,2
GER181116#0,0
GER191116#0,1
GER191116#1,2
GER191116#2,0
GER191116#3,1
GER191116#4,2
GER191116#5,0
GER201116#0,1
GER201116#1,2
GER251116#0,0
GER261116#0,1
GER261116#1,2
GER261116#2,0
GER261116#3,1
GER261116#4,2
GER261116#5,0
GER271116#0,1
GER271116#1,2
GER021216#0,0
GER031216#0,1
GER031216#1,2
GER031216#2,0
GER031216#3,1
GER031216#4,2
GER031216#5,0
GER041216#0,1
GER041216#1,2
GER091216#0,0
GER101216#0,1
GER101216#1,2
GER101216#2,0
GER101216#3,1
GER101216#4,2
GER101216#5,0
GER111216#0,1
GER111216#1,2
GER161216#0,0
GER171216#0,1
GER171216#1,2
GER171216#2,0
GER171216#3,1
GER171216#4,2
GER171216#5,0
GER181216#0,1
GER181216#1,2
GER201216#0,0
GER201216#1,1
GER201216#2,2
GER201216#3,0
GER211216#0,1
GER211216#1,2
GER211216#2,0
GER211216#3,1
GER211216#4,2
GER200117#0,0
GER210117#0,1
GER210117#1,2
GER210117#2,0
GER210117#3,1
GER210117#4,2
GER210117#5,0
GER220117#0,1
GER220117#1,2
GER270117#0,0
GER280117#0,1
GER280117#1,2
GER280117#2,0
GER280117#3,1
GER280117#4,2
GER280117#5,0
GER290117#0,1
GER290117#1,2
GER030217#0,0
GER040217#0,1
GER040217#1,2
GER040217#2,0
GER040217#3,1
GER040217#4,2
GER040217#5,0
GER050217#0,1
GER050217#1,2
GER100217#0,0
GER110217#0,1
GER110217#1,2
GER110217#2,0
GER110217#3,1
GER110217#4,2
GER110217#5,0
GER120217#0,1
GER120217#1,2
GER170217#0,0
GER180217#0,1
GER180217#1,2
GER180217#2,0
GER180217#3,1
GER180217#4,2
GER180217#5,0
GER190217#0,1
GER190217#1,2
GER240217#0,0
GER250217#0,1
GER250217#1,2
GER250217#2,0
GER250217#3,1
GER250217#4,2
GER250217#5,0
GER260217#0,1
GER260217#1,2
GER030317#0,0
GER040317#0,1
GER040317#1,2
GER040317#2,0
GER040317#3,1
GER040317#4,2
GER040317#5,0
GER050317#0,1
GER050317#1,2
GER100317#0,0
GER110317#0,1
GER110317#1,2
GER110317#2,0
GER110317#3,1
GER110317#4,2
GER110317#5,0
GER120317#0,1
GER120317#1,2
GER170317#0,0
GER180317#0,1
GER180317#1,2
GER180317#2,0
GER180317#3,1
GER180317#4,2
GER180317#5,0
GER190317#0,1
GER190317#1,2
GER310317#0,0
GER010417#0,1
GER010417#1,2
GER010417#2,0
GER010417#3,1
GER010417#4,2
GER010417#5,0
GER020417#0,1
GER020417#1,2
GER040417#0,0
GER040417#1,1
GER040417#2,2
GER040417#3,0
GER050417#0,1
GER050417#1,2
GER050417#2,0
GER050417#3,1
GER050417#4,2
GER070417#0,0
GER080417#0,1
GER080417#1,2
GER080417#2,0
GER080417#3,1
GER080417#4,2
GER080417#5,0
GER090417#0,1
GER090417#1,2
GER150417#0,0
GER150417#1,1
GER150417#2,2
GER150417#3,0
GER150417#4,1
GER150417#5,2
GER150417#6,0
GER160417#0,1
GER160417#1,2
GER210417#0,0
GER220417#0,1
GER220417#1,2
GER220417#2,0
GER220417#3,1
GER220417#4,2
GER220417#5,0
GER230417#0,1
GER230417#1,2
GER280417#0,0
GER290417#0,1
GER290417#1,2
GER290417#2,0
GER290417#3,1
GER290417#4,2
GER290417#5,0
GER300417#0,1
GER300417#1,2
GER050517#0,0
GER060517#0,1
GER060517#1,2
GER060517#2,0
GER060517#3,1
GER060517#4,2
GER060517#5,0
GER070517#0,1
GER070517#1,2
GER130517#0,0
GER130517#1,1
GER130517#2,2
GER130517#3,0
GER130517#4,1
GER130517#5,2
GER130517#6,0
GER130517#7,1
GER130517#8,2
GER200517#0,0
GER200517#1,1
GER200517#2,2
GER200517#3,0
GER200517#4,1
GER200517#5,2
GER200517#6,0
GER200517#7,1
GER200517#8,2
ENG190816#0,0
ENG200816#0,1
ENG200816#1,2
ENG200816#2,0
ENG200816#3,1
ENG200816#4,2
ENG200816#5,0
ENG200816#6,1
ENG210816#0,2
ENG210816#1,0
ENG270816#0,1
ENG270816#1,2
ENG270816#2,0
ENG270816#3,1
ENG270816#4,2
ENG270816#5,0
ENG270816#6,1
ENG270816#7,2
ENG280816#0,0
ENG280816#1,1
ENG100916#0,2
ENG100916#1,0
ENG100916#2,1
ENG100916#3,2
ENG100916#4,0
ENG100916#5,1
ENG100916#6,2
ENG100916#7,0
ENG110916#0,1
ENG120916#0,2
ENG160916#0,0
ENG170916#0,1
ENG170916#1,2
ENG170916#2,0
ENG170916#3,1
ENG170916#4,2
ENG180916#0,0
ENG180916#1,1
ENG180916#2,2
ENG180916#3,0
ENG240916#0,1
ENG240916#1,2
ENG240916#2,0
ENG240916#3,1
ENG240916#4,2
ENG240916#5,0
ENG240916#6,1
ENG240916#7,2
ENG250916#0,0
ENG260916#0,1
ENG300916#0,2
ENG011016#0,0
ENG011016#1,1
ENG011016#2,2
ENG011016#3,0
ENG011016#4,1
ENG021016#0,2
ENG021016#1,0
ENG021016#2,1
ENG021016#3,2
ENG151016#0,0
ENG151016#1,1
ENG151016#2,2
ENG151016#3,0
ENG151016#4,1
ENG151016#5,2
ENG151016#6,0
ENG161016#0,1
ENG161016#1,2
ENG171016#0,0
ENG221016#0,1
ENG221016#1,2
ENG221016#2,0
ENG221016#3,1
ENG221016#4,2
ENG221016#5,0
ENG221016#6,1
ENG221016#7,2
ENG231016#0,0
ENG231016#1,1
ENG291016#0,2
ENG291016#1,0
ENG291016#2,1
ENG291016#3,2
ENG291016#4,0
ENG291016#5,1
ENG291016#6,2
ENG301016#0,0
ENG301016#1,1
ENG311016#0,2
ENG051116#0,0
ENG051116#1,1
ENG051116#2,2
ENG051116#3,0
ENG051116#4,1
ENG061116#0,2
ENG061116#1,0
ENG061116#2,1
ENG061116#3,2
ENG061116#4,0
ENG191116#0,1
ENG191116#1,2
ENG191116#2,0
ENG191116#3,1
ENG191116#4,2
ENG191116#5,0
ENG191116#6,1
ENG191116#7,2
ENG201116#0,0
ENG211116#0,1
ENG261116#0,2
ENG261116#1,0
ENG261116#2,1
ENG261116#3,2
ENG261116#4,0
ENG261116#5,1
ENG271116#0,2
ENG271116#1,0
ENG271116#2,1
ENG271116#3,2
ENG031216#0,0
ENG031216#1,1
ENG031216#2,2
ENG031216#3,0
ENG031216#4,1
ENG031216#5,2
ENG031216#6,0
ENG041216#0,1
ENG041216#1,2
ENG051216#0,0
ENG101216#0,1
ENG101216#1,2
ENG101216#2,0
ENG101216#3,1
ENG101216#4,2
ENG101216#5,0
ENG111216#0,1
ENG111216#1,2
ENG111216#2,0
ENG111216#3,1
ENG131216#0,2
ENG131216#1,0
ENG141216#0,1
ENG141216#1,2
ENG141216#2,0
ENG141216#3,1
ENG141216#4,2
ENG141216#5,0
ENG141216#6,1
ENG141216#7,2
ENG171216#0,0
ENG171216#1,1
ENG171216#2,2
ENG171216#3,0
ENG171216#4,1
ENG171216#5,2
ENG181216#0,0
ENG181216#1,1
ENG181216#2,2
ENG191216#0,0
ENG261216#0,1
ENG261216#1,2
ENG261216#2,0
ENG261216#3,1
ENG261216#4,2
ENG261216#5,0
ENG261216#6,1
ENG261216#7,2
ENG271216#0,0
ENG281216#0,1
ENG301216#0,2
ENG311216#0,0
ENG311216#1,1
ENG311216#2,2
ENG311216#3,0
ENG311216#4,1
ENG311216#5,2
ENG311216#6,0
ENG010117#0,1
ENG010117#1,2
ENG020117#0,0
ENG020117#1,1
ENG020117#2,2
ENG020117#3,0
ENG020117#4,1
ENG020117#5,2
ENG030117#0,0
ENG030117#1,1
ENG030117#2,2
ENG040117#0,0
ENG140117#0,1
ENG140117#1,2
ENG140117#2,0
ENG140117#3,1
ENG140117#4,2
ENG140117#5,0
ENG140117#6,1
ENG140117#7,2
ENG150117#0,0
ENG150117#1,1
ENG210117#0,2
ENG210117#1,0
ENG210117#2,1
ENG210117#3,2
ENG210117#4,0
ENG210117#5,1
ENG210117#6,2
ENG220117#0,0
ENG220117#1,1
ENG220117#2,2
ENG310117#0,0
ENG310117#1,1
ENG310117#2,2
ENG310117#3,0
ENG310117#4,1
ENG310117#5,2
ENG310117#6,0
ENG010217#0,1
ENG010217#1,2
ENG010217#2,0
ENG040217#0,1
ENG040217#1,2
ENG040217#2,0
ENG040217#3,1
ENG040217#4,2
ENG040217#5,0
ENG040217#6,1
ENG040217#7,2
ENG050217#0,0
ENG050217#1,1
ENG110217#0,2
ENG110217#1,0
ENG110217#2,1
ENG110217#3,2
ENG110217#4,0
ENG110217#5,1
ENG110217#6,2
ENG120217#0,0
ENG120217#1,1
ENG130217#0,2
ENG250217#0,0
ENG250217#1,1
ENG250217#2,2
ENG250217#3,0
ENG250217#4,1
ENG250217#5,2
ENG260217#0,0
ENG270217#0,1
ENG040317#0,2
ENG040317#1,0
ENG040317#2,1
ENG040317#3,2
ENG040317#4,0
ENG040317#5,1
ENG040317#6,2
ENG050317#0,0
ENG050317#1,1
ENG060317#0,2
ENG080317#0,0
ENG110317#0,1
ENG110317#1,2
ENG110317#2,0
ENG120317#0,1
ENG180317#0,2
ENG180317#1,0
ENG180317#2,1
ENG180317#3,2
ENG180317#4,0
ENG180317#5,1
ENG180317#6,2
ENG190317#0,0
ENG190317#1,1
ENG190317#2,2
ENG010417#0,0
ENG010417#1,1
ENG010417#2,2
ENG010417#3,0
ENG010417#4,1
ENG010417#5,2
ENG010417#6,0
ENG010417#7,1
ENG020417#0,2
ENG020417#1,0
ENG040417#0,1
ENG040417#1,2
ENG040417#2,0
ENG040417#3,1
ENG050417#0,2
ENG050417#1,0
ENG050417#2,1
ENG050417#3,2
ENG050417#4,0
ENG050417#5,1
ENG080417#0,2
ENG080417#1,0
ENG080417#2,1
ENG080417#3,2
ENG080417#4,0
ENG080417#5,1
ENG080417#6,2
ENG090417#0,0
ENG090417#1,1
ENG100417#0,2
ENG150417#0,0
ENG150417#1,1
ENG150417#2,2
ENG150417#3,0
ENG150417#4,1
ENG150417#5,2
ENG150417#6,0
ENG160417#0,1
ENG160417#1,2
ENG170417#0,0
ENG220417#0,1
ENG220417#1,2
ENG220417#2,0
ENG220417#3,1
ENG230417#0,2
ENG230417#1,0
ENG250417#0,1
ENG260417#0,2
ENG260417#1,0
ENG260417#2,1
ENG270417#0,2
ENG290417#0,0
ENG290417#1,1
ENG290417#2,2
ENG290417#3,0
ENG290417#4,1
ENG300417#0,2
ENG300417#1,0
ENG300417#2,1
ENG300417#3,2
ENG010517#0,0
ENG050517#0,1
ENG060517#0,2
ENG060517#1,0
ENG060517#2,1
ENG060517#3,2
ENG060517#4,0
ENG060517#5,1
ENG070517#0,2
ENG070517#1,0
ENG080517#0,1
ENG100517#0,2
ENG120517#0,0
ENG120517#1,1
ENG130517#0,2
ENG130517#1,0
ENG130517#2,1
ENG130517#3,2
ENG130517#4,0
ENG140517#0,1
ENG140517#1,2
ENG140517#2,0
ENG150517#0,1
ENG160517#0,2
ENG160517#1,0
ENG170517#0,1
ENG180517#0,2
ENG210517#0,0
ENG210517#1,1
ENG210517#2,2
ENG210517#3,0
ENG210517#4,1
ENG210517#5,2
ENG210517#6,0
ENG210517#7,1
ENG210517#8,2
ENG210517#9,0
ITA270816#0,1
ITA270816#1,2
ITA280816#0,0
ITA280816#1,1
ITA280816#2,2
ITA280816#3,0
ITA280816#4,1
ITA280816#5,2
ITA280816#6,0
ITA280816#7,1
ITA100916#0,2
ITA100916#1,0
ITA110916#0,1
ITA110916#1,2
ITA110916#2,0
ITA110916#3,1
ITA110916#4,2
ITA110916#5,0
ITA120916#0,1
ITA160916#0,2
ITA170916#0,0
ITA170916#1,1
ITA180916#0,2
ITA180916#1,0
ITA180916#2,1
ITA180916#3,2
ITA180916#4,0
ITA180916#5,1
ITA180916#6,2
ITA200916#0,0
ITA210916#0,1
ITA210916#1,2
ITA210916#2,0
ITA210916#3,1
ITA210916#4,2
ITA210916#5,0
ITA210916#6,1
ITA210916#7,2
ITA210916#8,0
ITA240916#0,1
ITA240916#1,2
ITA250916#0,0
ITA250916#1,1
ITA250916#2,2
ITA250916#3,0
ITA250916#4,1
ITA250916#5,2
ITA260916#0,0
ITA260916#1,1
ITA011016#0,2
ITA011016#1,0
ITA021016#0,1
ITA021016#1,2
ITA021016#2,0
ITA021016#3,1
ITA021016#4,2
ITA021016#5,0
ITA021016#6,1
ITA021016#7,2
ITA151016#0,0
ITA151016#1,1
ITA151016#2,2
ITA161016#0,0
ITA161016#1,1
ITA161016#2,2
ITA161016#3,0
ITA161016#4,1
ITA161016#5,2
ITA171016#0,0
ITA221016#0,1
ITA221016#1,2
ITA231016#0,0
ITA231016#1,1
ITA231016#2,2
ITA231016#3,0
ITA231016#4,1
ITA231016#5,2
ITA231016#6,0
ITA231016#7,1
ITA251016#0,2
ITA261016#0,0
ITA261016#1,1
ITA261016#2,2
ITA261016#3,0
ITA261016#4,1
ITA261016#5,2
ITA261016#6,0
ITA261016#7,1
ITA271016#0,2
ITA291016#0,0
ITA291016#1,1
ITA301016#0,2
ITA301016#1,0
ITA301016#2,1
ITA301016#3,2
ITA301016#4,0
ITA301016#5,1
ITA311016#0,2
ITA311016#1,0
ITA051116#0,1
ITA051116#1,2
ITA061116#0,0
ITA061116#1,1
ITA061116#2,2
ITA061116#3,0
ITA061116#4,1
ITA061116#5,2
ITA061116#6,0
ITA061116#7,1
ITA191116#0,2
ITA191116#1,0
ITA191116#2,1
ITA201116#0,2
ITA201116#1,0
ITA201116#2,1
ITA201116#3,2
ITA201116#4,0
ITA201116#5,1
ITA201116#6,2
ITA261116#0,0
ITA261116#1,1
ITA271116#0,2
ITA271116#1,0
ITA271116#2,1
ITA271116#3,2
ITA271116#4,0
ITA271116#5,1
ITA281116#0,2
ITA281116#1,0
ITA021216#0,1
ITA031216#0,2
ITA041216#0,0
ITA041216#1,1
ITA041216#2,2
ITA041216#3,0
ITA041216#4,1
ITA041216#5,2
ITA051216#0,0
ITA051216#1,1
ITA101216#0,2
ITA101216#1,0
ITA111216#0,1
ITA111216#1,2
ITA111216#2,0
ITA111216#3,1
ITA111216#4,2
ITA111216#5,0
ITA121216#0,1
ITA121216#1,2
ITA151216#0,0
ITA171216#0,1
ITA171216#1,2
ITA171216#2,0
ITA181216#0,1
ITA181216#1,2
ITA181216#2,0
ITA181216#3,1
ITA181216#4,2
ITA181216#5,0
ITA181216#6,1
ITA201216#0,2
ITA211216#0,0
ITA221216#0,1
ITA221216#1,2
ITA221216#2,0
ITA221216#3,1
ITA221216#4,2
ITA221216#5,0
ITA070117#0,1
ITA070117#1,2
ITA080117#0,0
ITA080117#1,1
ITA080117#2,2
ITA080117#3,0
ITA080117#4,1
ITA080117#5,2
ITA080117#6,0
ITA140117#0,1
ITA140117#1,2
ITA150117#0,0
ITA150117#1,1
ITA150117#2,2
ITA150117#3,0
ITA150117#4,1
ITA150117#5,2
ITA150117#6,0
ITA160117#0,1
ITA210117#0,2
ITA210117#1,0
ITA220117#0,1
ITA220117#1,2
ITA220117#2,0
ITA220117#3,1
ITA220117#4,2
ITA220117#5,0
ITA220117#6,1
ITA220117#7,2
ITA280117#0,0
ITA280117#1,1
ITA290117#0,2
ITA290117#1,0
ITA290117#2,1
ITA290117#3,2
ITA290117#4,0
ITA290117#5,1
ITA290117#6,2
ITA290117#7,0
ITA010217#0,1
ITA040217#0,2
ITA050217#0,0
ITA050217#1,1
ITA050217#2,2
ITA050217#3,0
ITA050217#4,1
ITA050217#5,2
ITA050217#6,0
ITA050217#7,1
ITA070217#0,2
ITA080217#0,0
ITA080217#1,1
ITA100217#0,2
ITA110217#0,0
ITA120217#0,1
ITA120217#1,2
ITA120217#2,0
ITA120217#3,1
ITA120217#4,2
ITA120217#5,0
ITA120217#6,1
ITA130217#0,2
ITA170217#0,0
ITA180217#0,1
ITA180217#1,2
ITA190217#0,0
ITA190217#1,1
ITA190217#2,2
ITA190217#3,0
ITA190217#4,1
ITA190217#5,2
ITA190217#6,0
ITA250217#0,1
ITA250217#1,2
ITA260217#0,0
ITA260217#1,1
ITA260217#2,2
ITA260217#3,0
ITA260217#4,1
ITA260217#5,2
ITA260217#6,0
ITA270217#0,1
ITA040317#0,2
ITA040317#1,0
ITA040317#2,1
ITA050317#0,2
ITA050317#1,0
ITA050317#2,1
ITA050317#3,2
ITA050317#4,0
ITA050317#5,1
ITA050317#6,2
ITA100317#0,0
ITA110317#0,1
ITA120317#0,2
ITA120317#1,0
ITA120317#2,1
ITA120317#3,2
ITA120317#4,0
ITA120317#5,1
ITA120317#6,2
ITA130317#0,0
ITA180317#0,1
ITA180317#1,2
ITA190317#0,0
ITA190317#1,1
ITA190317#2,2
ITA190317#3,0
ITA190317#4,1
ITA190317#5,2
ITA190317#6,0
ITA190317#7,1
ITA010417#0,2
ITA010417#1,0
ITA020417#0,1
ITA020417#1,2
ITA020417#2,0
ITA020417#3,1
ITA020417#4,2
ITA020417#5,0
ITA020417#6,1
ITA030417#0,2
ITA080417#0,0
ITA080417#1,1
ITA080417#2,2
ITA090417#0,0
ITA090417#1,1
ITA090417#2,2
ITA090417#3,0
ITA090417#4,1
ITA090417#5,2
ITA090417#6,0
ITA150417#0,1
ITA150417#1,2
ITA150417#2,0
ITA150417#3,1
ITA150417#4,2
ITA150417#5,0
ITA150417#6,1
ITA150417#7,2
ITA150417#8,0
ITA150417#9,1
ITA220417#0,2
ITA220417#1,0
ITA230417#0,1
ITA230417#1,2
ITA230417#2,0
ITA230417#3,1
ITA230417#4,2
ITA230417#5,0
ITA230417#6,1
ITA240417#0,2
ITA280417#0,0
ITA290417#0,1
ITA300417#0,2
ITA300417#1,0
ITA300417#2,1
ITA300417#3,2
ITA300417#4,0
ITA300417#5,1
ITA300417#6,2
ITA300417#7,0
ITA060517#0,1
ITA060517#1,2
ITA070517#0,0
ITA070517#1,1
ITA070517#2,2
ITA070517#3,0
ITA070517#4,1
ITA070517#5,2
ITA070517#6,0
ITA070517#7,1
ITA130517#0,2
ITA130517#1,0
ITA140517#0,1
ITA140517#1,2
ITA140517#2,0
ITA140517#3,1
ITA140517#4,2
ITA140517#5,0
ITA140517#6,1
ITA140517#7,2
ITA200517#0,0
ITA200517#1,1
ITA210517#0,2
ITA210517#1,0
ITA210517#2,1
ITA210517#3,2
ITA210517#4,0
ITA210517#5,1
ITA210517#6,2
ITA220517#0,0
ITA270517#0,1
ITA270517#1,2
ITA280517#0,0
ITA280517#1,1
ITA280517#2,2
ITA280517#3,0
ITA280517#4,1
ITA280517#5,2
ITA280517#6,0
ITA280517#7,1
SPA260816#0,2
SPA260816#1,0
SPA270816#0,1
SPA270816#1,2
SPA270816#2,0
SPA270816#3,1
SPA280816#0,2
SPA280816#1,0
SPA280816#2,1
SPA280816#3,2
SPA090916#0,0
SPA100916#0,1
SPA100916#1,2
SPA100916#2,0
SPA100916#3,1
SPA100916#4,2
SPA110916#0,0
SPA110916#1,1
SPA110916#2,2
SPA110916#3,0
SPA160916#0,1
SPA170916#0,2
SPA170916#1,0
SPA170916#2,1
SPA170916#3,2
SPA180916#0,0
SPA180916#1,1
SPA180916#2,2
SPA180916#3,0
SPA190916#0,1
SPA200916#0,2
SPA200916#1,0
SPA210916#0,1
SPA210916#1,2
SPA210916#2,0
SPA210916#3,1
SPA210916#4,2
SPA220916#0,0
SPA220916#1,1
SPA220916#2,2
SPA230916#0,0
SPA240916#0,1
SPA240916#1,2
SPA240916#2,0
SPA240916#3,1
SPA250916#0,2
SPA250916#1,0
SPA250916#2,1
SPA250916#3,2
SPA260916#0,0
SPA300916#0,1
SPA011016#0,2
SPA011016#1,0
SPA011016#2,1
SPA011016#3,2
SPA021016#0,0
SPA021016#1,1
SPA021016#2,2
SPA021016#3,0
SPA021016#4,1
SPA141016#0,2
SPA151016#0,0
SPA151016#1,1
SPA151016#2,2
SPA151016#3,0
SPA161016#0,1
SPA161016#1,2
SPA161016#2,0
SPA161016#3,1
SPA171016#0,2
SPA211016#0,0
SPA221016#0,1
SPA221016#1,2
SPA221016#2,0
SPA221016#3,1
SPA231016#0,2
SPA231016#1,0
SPA231016#2,1
SPA231016#3,2
SPA231016#4,0
SPA281016#0,1
SPA291016#0,2
SPA291016#1,0
SPA291016#2,1
SPA291016#3,2
SPA301016#0,0
SPA301016#1,1
SPA301016#2,2
SPA301016#3,0
SPA311016#0,1
SPA041116#0,2
SPA051116#0,0
SPA051116#1,1
SPA051116#2,2
SPA051116#3,0
SPA061116#0,1
SPA061116#1,2
SPA061116#2,0
SPA061116#3,1
SPA061116#4,2
SPA181116#0,0
SPA191116#0,1
SPA191116#1,2
SPA191116#2,0
SPA191116#3,1
SPA201116#0,2
SPA201116#1,0
SPA201116#2,1
SPA201116#3,2
SPA211116#0,0
SPA251116#0,1
SPA261116#0,2
SPA261116#1,0
SPA261116#2,1
SPA261116#3,2
SPA271116#0,0
SPA271116#1,1
SPA271116#2,2
SPA271116#3,0
SPA281116#0,1
SPA031216#0,2
SPA031216#1,0
SPA031216#2,1
SPA031216#3,2
SPA041216#0,0
SPA041216#1,1
SPA041216#2,2
SPA041216#3,0
SPA041216#4,1
SPA051216#0,2
SPA091216#0,0
SPA101216#0,1
SPA101216#1,2
SPA101216#2,0
SPA101216#3,1
SPA111216#0,2
SPA111216#1,0
SPA111216#2,1
SPA111216#3,2
SPA121216#0,0
SPA161216#0,1
SPA171216#0,2
SPA171216#1,0
SPA171216#2,1
SPA171216#3,2
SPA181216#0,0
SPA181216#1,1
SPA181216#2,2
SPA191216#0,0
SPA060117#0,1
SPA070117#0,2
SPA070117#1,0
SPA070117#2,1
SPA070117#3,2
SPA080117#0,0
SPA080117#1,1
SPA080117#2,2
SPA080117#3,0
SPA090117#0,1
SPA140117#0,2
SPA140117#1,0
SPA140117#2,1
SPA140117#3,2
SPA150117#0,0
SPA150117#1,1
SPA150117#2,2
SPA150117#3,0
SPA150117#4,1
SPA160117#0,2
SPA200117#0,0
SPA210117#0,1
SPA210117#1,2
SPA210117#2,0
SPA210117#3,1
SPA220117#0,2
SPA220117#1,0
SPA220117#2,1
SPA220117#3,2
SPA220117#4,0
SPA270117#0,1
SPA280117#0,2
SPA280117#1,0
SPA280117#2,1
SPA280117#3,2
SPA290117#0,0
SPA290117#1,1
SPA290117#2,2
SPA290117#3,0
SPA300117#0,1
SPA040217#0,2
SPA040217#1,0
SPA040217#2,1
SPA040217#3,2
SPA050217#0,0
SPA050217#1,1
SPA050217#2,2
SPA060217#0,0
SPA100217#0,1
SPA110217#0,2
SPA110217#1,0
SPA110217#2,1
SPA110217#3,2
SPA120217#0,0
SPA120217#1,1
SPA120217#2,2
SPA120217#3,0
SPA130217#0,1
SPA170217#0,2
SPA180217#0,0
SPA180217#1,1
SPA180217#2,2
SPA180217#3,0
SPA190217#0,1
SPA190217#1,2
SPA190217#2,0
SPA190217#3,1
SPA200217#0,2
SPA220217#0,0
SPA240217#0,1
SPA250217#0,2
SPA250217#1,0
SPA250217#2,1
SPA250217#3,2
SPA260217#0,0
SPA260217#1,1
SPA260217#2,2
SPA260217#3,0
SPA260217#4,1
SPA280217#0,2
SPA280217#1,0
SPA280217#2,1
SPA010317#0,2
SPA010317#1,0
SPA010317#2,1
SPA010317#3,2
SPA010317#4,0
SPA020317#0,1
SPA020317#1,2
SPA030317#0,0
SPA040317#0,1
SPA040317#1,2
SPA040317#2,0
SPA040317#3,1
SPA050317#0,2
SPA050317#1,0
SPA050317#2,1
SPA050317#3,2
SPA060317#0,0
SPA080317#0,1
SPA100317#0,2
SPA110317#0,0
SPA110317#1,1
SPA110317#2,2
SPA110317#3,0
SPA120317#0,1
SPA120317#1,2
SPA120317#2,0
SPA120317#3,1
SPA130317#0,2
SPA170317#0,0
SPA180317#0,1
SPA180317#1,2
SPA180317#2,0
SPA180317#3,1
SPA190317#0,2
SPA190317#1,0
SPA190317#2,1
SPA190317#3,2
SPA190317#4,0
SPA310317#0,1
SPA010417#0,2
SPA010417#1,0
SPA010417#2,1
SPA010417#3,2
SPA020417#0,0
SPA020417#1,1
SPA020417#2,2
SPA020417#3,0
SPA030417#0,1
SPA040417#0,2
SPA040417#1,0
SPA040417#2,1
SPA050417#0,2
SPA050417#1,0
SPA050417#2,1
SPA050417#3,2
SPA050417#4,0
SPA060417#0,1
SPA060417#1,2
SPA070417#0,0
SPA080417#0,1
SPA080417#1,2
SPA080417#2,0
SPA080417#3,1
SPA090417#0,2
SPA090417#1,0
SPA090417#2,1
SPA090417#3,2
SPA100417#0,0
SPA140417#0,1
SPA150417#0,2
SPA150417#1,0
SPA150417#2,1
SPA150417#3,2
SPA160417#0,0
SPA160417#1,1
SPA160417#2,2
SPA160417#3,0
SPA170417#0,1
SPA210417#0,2
SPA220417#0,0
SPA220417#1,1
SPA220417#2,2
SPA220417#3,0
SPA230417#0,1
SPA230417#1,2
SPA230417#2,0
SPA230417#3,1
SPA240417#0,2
SPA250417#0,0
SPA250417#1,1
SPA250417#2,2
SPA260417#0,0
SPA260417#1,1
SPA260417#2,2
SPA260417#3,0
SPA270417#0,1
SPA270417#1,2
SPA270417#2,0
SPA280417#0,1
SPA290417#0,2
SPA290417#1,0
SPA290417#2,1
SPA290417#3,2
SPA300417#0,0
SPA300417#1,1
SPA300417#2,2
SPA300417#3,0
SPA010517#0,1
SPA050517#0,2
SPA060517#0,0
SPA060517#1,1
SPA060517#2,2
SPA060517#3,0
SPA070517#0,1
SPA070517#1,2
SPA070517#2,0
SPA070517#3,1
SPA080517#0,2
SPA130517#0,0
SPA130517#1,1
SPA140517#0,2
SPA140517#1,0
SPA140517#2,1
SPA140517#3,2
SPA140517#4,0
SPA140517#5,1
SPA140517#6,2
SPA140517#7,0
SPA170517#0,1
SPA190517#0,2
SPA200517#0,0
SPA200517#1,1
SPA200517#2,2
SPA200517#3,0
SPA210517#0,1
SPA210517#1,2
SPA210517#2,0
SPA210517#3,1
SPA210517#4,2
GER180817#0,0
GER190817#0,1
GER190817#1,2
GER190817#2,0
GER190817#3,1
GER190817#4,2
GER190817#5,0
GER200817#0,1
GER200817#1,2
GER250817#0,0
GER260817#0,1
GER260817#1,2
GER260817#2,0
GER260817#3,1
GER260817#4,2
GER260817#5,0
GER270817#0,1
GER270817#1,2
GER080917#0,0
GER090917#0,1
GER090917#1,2
GER090917#2,0
GER090917#3,1
GER090917#4,2
GER090917#5,0
GER100917#0,1
GER100917#1,2
GER150917#0,0
GER160917#0,1
GER160917#1,2
GER160917#2,0
GER160917#3,1
GER160917#4,2
GER170917#0,0
GER170917#1,1
GER170917#2,2
GER190917#0,0
GER190917#1,1
GER190917#2,2
GER190917#3,0
GER200917#0,1
GER200917#1,2
GER200917#2,0
GER200917#3,1
GER200917#4,2
GER220917#0,0
GER230917#0,1
GER230917#1,2
GER230917#2,0
GER230917#3,1
GER230917#4,2
GER230917#5,0
GER240917#0,1
GER240917#1,2
GER290917#0,0
GER300917#0,1
GER300917#1,2
GER300917#2,0
GER300917#3,1
GER300917#4,2
GER011017#0,0
GER011017#1,1
GER011017#2,2
GER131017#0,0
GER141017#0,1
GER141017#1,2
GER141017#2,0
GER141017#3,1
GER141017#4,2
GER141017#5,0
GER151017#0,1
GER151017#1,2
GER201017#0,0
GER211017#0,1
GER211017#1,2
GER211017#2,0
GER211017#3,1
GER211017#4,2
GER221017#0,0
GER221017#1,1
GER221017#2,2
GER271017#0,0
GER281017#0,1
GER281017#1,2
GER281017#2,0
GER281017#3,1
GER281017#4,2
GER281017#5,0
GER291017#0,1
GER291017#1,2
GER031117#0,0
GER041117#0,1
GER041117#1,2
GER041117#2,0
GER041117#3,1
GER041117#4,2
GER041117#5,0
GER051117#0,1
GER051117#1,2
GER171117#0,0
GER181117#0,1
GER181117#1,2
GER181117#2,0
GER181117#3,1
GER181117#4,2
GER181117#5,0
GER191117#0,1
GER191117#1,2
GER241117#0,0
GER251117#0,1
GER251117#1,2
GER251117#2,0
GER251117#3,1
GER251117#4,2
GER251117#5,0
GER261117#0,1
GER261117#1,2
GER011217#0,0
GER021217#0,1
GER021217#1,2
GER021217#2,0
GER021217#3,1
GER021217#4,2
GER021217#5,0
GER031217#0,1
GER031217#1,2
GER081217#0,0
GER091217#0,1
GER091217#1,2
GER091217#2,0
GER091217#3,1
GER091217#4,2
GER101217#0,0
GER101217#1,1
GER101217#2,2
GER121217#0,0
GER121217#1,1
GER121217#2,2
GER121217#3,0
GER131217#0,1
GER131217#1,2
GER131217#2,0
GER131217#3,1
GER131217#4,2
GER151217#0,0
GER161217#0,1
GER161217#1,2
GER161217#2,0
GER161217#3,1
GER161217#4,2
GER161217#5,0
GER171217#0,1
GER171217#1,2
GER120118#0,0
GER130118#0,1
GER130118#1,2
GER130118#2,0
GER130118#3,1
GER130118#4,2
GER130118#5,0
GER140118#0,1
GER140118#1,2
GER190118#0,0
GER200118#0,1
GER200118#1,2
GER200118#2,0
GER200118#3,1
GER200118#4,2
GER200118#5,0
GER210118#0,1
GER210118#1,2
GER260118#0,0
GER270118#0,1
GER270118#1,2
GER270118#2,0
GER270118#3,1
GER270118#4,2
GER270118#5,0
GER280118#0,1
GER280118#1,2
GER020218#0,0
GER030218#0,1
GER030218#1,2
GER030218#2,0
GER030218#3,1
GER030218#4,2
GER030218#5,0
GER040218#0,1
GER040218#1,2
GER090218#0,0
GER100218#0,1
GER100218#1,2
GER100218#2,0
GER100218#3,1
GER100218#4,2
GER100218#5,0
GER110218#0,1
GER110218#1,2
GER160218#0,0
GER170218#0,1
GER170218#1,2
GER170218#2,0
GER170218#3,1
GER170218#4,2
GER180218#0,0
GER180218#1,1
GER190218#0,2
GER230218#0,0
GER240218#0,1
GER240218#1,2
GER240218#2,0
GER240218#3,1
GER240218#4,2
GER250218#0,0
GER250218#1,1
GER260218#0,2
GER020318#0,0
GER030318#0,1
GER030318#1,2
GER030318#2,0
GER030318#3,1
GER030318#4,2
GER030318#5,0
GER040318#0,1
GER040318#1,2
GER090318#0,0
GER100318#0,1
GER100318#1,2
GER100318#2,0
GER100318#3,1
GER100318#4,2
GER110318#0,0
GER110318#1,1
GER120318#0,2
GER160318#0,0
GER170318#0,1
GER170318#1,2
GER170318#2,0
GER170318#3,1
GER170318#4,2
GER180318#0,0
GER180318#1,1
GER180318#2,2
GER310318#0,0
GER310318#1,1
GER310318#2,2
GER310318#3,0
GER310318#4,1
GER310318#5,2
GER310318#6,0
GER010418#0,1
GER010418#1,2
GER060418#0,0
GER070418#0,1
GER070418#1,2
GER070418#2,0
GER070418#3,1
GER070418#4,2
GER080418#0,0
GER080418#1,1
GER090418#0,2
GER130418#0,0
GER140418#0,1
GER140418#1,2
GER140418#2,0
GER140418#3,1
GER140418#4,2
GER150418#0,0
GER150418#1,1
GER160418#0,2
GER200418#0,0
GER210418#0,1
GER210418#1,2
GER210418#2,0
GER210418#3,1
GER210418#4,2
GER210418#5,0
GER220418#0,1
GER220418#1,2
GER270418#0,0
GER280418#0,1
GER280418#1,2
GER280418#2,0
GER280418#3,1
GER280418#4,2
GER280418#5,0
GER290418#0,1
GER290418#1,2
GER050518#0,0
GER050518#1,1
GER050518#2,2
GER050518#3,0
GER050518#4,1
GER050518#5,2
GER050518#6,0
GER050518#7,1
GER050518#8,2
GER120518#0,0
GER120518#1,1
GER120518#2,2
GER120518#3,0
GER120518#4,1
GER120518#5,2
GER120518#6,0
GER120518#7,1
GER120518#8,2
ENG11082017#0,0
ENG12082017#1,1
ENG12082017#2,2
ENG12082017#3,0
ENG12082017#4,1
ENG12082017#5,2
ENG12082017#6,0
ENG13082017#0,1
ENG19082017#0,2
ENG19082017#1,0
ENG19082017#2,1
ENG19082017#3,2
ENG19082017#4,0
ENG19082017#5,1
ENG19082017#6,2
ENG20082017#0,0
ENG20082017#1,1
ENG21082017#0,2
ENG26082017#0,0
ENG26082017#1,1
ENG26082017#2,2
ENG26082017#3,0
ENG26082017#4,1
ENG26082017#5,2
ENG27082017#0,0
ENG27082017#1,1
ENG27082017#2,2
ENG27082017#3,0
ENG09092017#0,1
ENG09092017#1,2
ENG09092017#2,0
ENG09092017#3,1
ENG09092017#4,2
ENG09092017#5,0
ENG09092017#6,1
ENG10092017#0,2
ENG10092017#1,0
ENG11092017#0,1
ENG15092017#0,2
ENG16092017#0,0
ENG16092017#1,1
ENG16092017#2,2
ENG16092017#3,0
ENG16092017#4,1
ENG16092017#5,2
ENG16092017#6,0
ENG17092017#0,1
ENG17092017#1,2
ENG23092017#0,0
ENG23092017#1,1
ENG23092017#2,2
ENG23092017#3,0
ENG23092017#4,1
ENG23092017#5,2
ENG23092017#6,0
ENG23092017#7,1
ENG24092017#0,2
ENG25092017#0,0
ENG30092017#0,1
ENG30092017#1,2
ENG30092017#2,0
ENG30092017#3,1
ENG30092017#4,2
ENG30092017#5,0
ENG30092017#6,1
ENG01102017#0,2
ENG01102017#1,0
ENG01102017#2,1
ENG14102017#0,2
ENG14102017#1,0
ENG14102017#2,1
ENG14102017#3,2
ENG14102017#4,0
ENG14102017#5,1
ENG14102017#6,2
ENG15102017#0,0
ENG15102017#1,1
ENG16102017#0,2
ENG20102017#0,0
ENG21102017#0,1
ENG21102017#1,2
ENG21102017#2,0
ENG21102017#3,1
ENG21102017#4,2
ENG21102017#5,0
ENG21102017#6,1
ENG22102017#0,2
ENG22102017#1,0
ENG28102017#0,1
ENG28102017#1,2
ENG28102017#2,0
ENG28102017#3,1
ENG28102017#4,2
ENG28102017#5,0
ENG28102017#6,1
ENG29102017#0,2
ENG29102017#1,0
ENG30102017#0,1
ENG04112017#0,2
ENG04112017#1,0
ENG04112017#2,1
ENG04112017#3,2
ENG04112017#4,0
ENG04112017#5,1
ENG05112017#0,2
ENG05112017#1,0
ENG05112017#2,1
ENG05112017#3,2
ENG18112017#0,0
ENG18112017#1,1
ENG18112017#2,2
ENG18112017#3,0
ENG18112017#4,1
ENG18112017#5,2
ENG18112017#6,0
ENG18112017#7,1
ENG19112017#0,2
ENG20112017#0,0
ENG24112017#0,1
ENG25112017#0,2
ENG25112017#1,0
ENG25112017#2,1
ENG25112017#3,2
ENG25112017#4,0
ENG25112017#5,1
ENG26112017#0,2
ENG26112017#1,0
ENG26112017#2,1
ENG28112017#0,2
ENG28112017#1,0
ENG28112017#2,1
ENG28112017#3,2
ENG29112017#0,0
ENG29112017#1,1
ENG29112017#2,2
ENG29112017#3,0
ENG29112017#4,1
ENG29112017#5,2
ENG02122017#0,0
ENG02122017#1,1
ENG02122017#2,2
ENG02122017#3,0
ENG02122017#4,1
ENG02122017#5,2
ENG02122017#6,0
ENG02122017#7,1
ENG03122017#0,2
ENG03122017#1,0
ENG09122017#0,1
ENG09122017#1,2
ENG09122017#2,0
ENG09122017#3,1
ENG09122017#4,2
ENG09122017#5,0
ENG09122017#6,1
ENG10122017#0,2
ENG10122017#1,0
ENG10122017#2,1
ENG12122017#0,2
ENG12122017#1,0
ENG12122017#2,1
ENG13122017#0,2
ENG13122017#1,0
ENG13122017#2,1
ENG13122017#3,2
ENG13122017#4,0
ENG13122017#5,1
ENG13122017#6,2
ENG16122017#0,0
ENG16122017#1,1
ENG16122017#2,2
ENG16122017#3,0
ENG16122017#4,1
ENG16122017#5,2
ENG16122017#6,0
ENG17122017#0,1
ENG17122017#1,2
ENG18122017#0,0
ENG22122017#0,1
ENG23122017#0,2
ENG23122017#1,0
ENG23122017#2,1
ENG23122017#3,2
ENG23122017#4,0
ENG23122017#5,1
ENG23122017#6,2
ENG23122017#7,0
ENG23122017#8,1
ENG26122017#0,2
ENG26122017#1,0
ENG26122017#2,1
ENG26122017#3,2
ENG26122017#4,0
ENG26122017#5,1
ENG26122017#6,2
ENG26122017#7,0
ENG27122017#0,1
ENG28122017#0,2
ENG30122017#0,0
ENG30122017#1,1
ENG30122017#2,2
ENG30122017#3,0
ENG30122017#4,1
ENG30122017#5,2
ENG30122017#6,0
ENG31122017#0,1
ENG31122017#1,2
ENG01012018#0,0
ENG01012018#1,1
ENG01012018#2,2
ENG01012018#3,0
ENG01012018#4,1
ENG02012018#0,2
ENG02012018#1,0
ENG02012018#2,1
ENG02012018#3,2
ENG03012018#0,0
ENG04012018#0,1
ENG13012018#0,2
ENG13012018#1,0
ENG13012018#2,1
ENG13012018#3,2
ENG13012018#4,0
ENG13012018#5,1
ENG13012018#6,2
ENG14012018#0,0
ENG14012018#1,1
ENG15012018#0,2
ENG20012018#0,0
ENG20012018#1,1
ENG20012018#2,2
ENG20012018#3,0
ENG20012018#4,1
ENG20012018#5,2
ENG20012018#6,0
ENG20012018#7,1
ENG21012018#0,2
ENG22012018#0,0
ENG30012018#0,1
ENG30012018#1,2
ENG30012018#2,0
ENG31012018#0,1
ENG31012018#1,2
ENG31012018#2,0
ENG31012018#3,1
ENG31012018#4,2
ENG31012018#5,0
ENG31012018#6,1
ENG03022018#0,2
ENG03022018#1,0
ENG03022018#2,1
ENG03022018#3,2
ENG03022018#4,0
ENG03022018#5,1
ENG03022018#6,2
ENG04022018#0,0
ENG04022018#1,1
ENG05022018#0,2
ENG10022018#0,0
ENG10022018#1,1
ENG10022018#2,2
ENG10022018#3,0
ENG10022018#4,1
ENG10022018#5,2
ENG11022018#0,0
ENG11022018#1,1
ENG11022018#2,2
ENG12022018#0,0
ENG24022018#0,1
ENG24022018#1,2
ENG24022018#2,0
ENG24022018#3,1
ENG24022018#4,2
ENG24022018#5,0
ENG24022018#6,1
ENG25022018#0,2
ENG25022018#1,0
ENG01032018#0,1
ENG03032018#0,2
ENG03032018#1,0
ENG03032018#2,1
ENG03032018#3,2
ENG03032018#4,0
ENG03032018#5,1
ENG03032018#6,2
ENG04032018#0,0
ENG04032018#1,1
ENG05032018#0,2
ENG10032018#0,0
ENG10032018#1,1
ENG10032018#2,2
ENG10032018#3,0
ENG10032018#4,1
ENG10032018#5,2
ENG10032018#6,0
ENG11032018#0,1
ENG11032018#1,2
ENG12032018#0,0
ENG17032018#0,1
ENG17032018#1,2
ENG17032018#2,0
ENG17032018#3,1
ENG31032018#0,2
ENG31032018#1,0
ENG31032018#2,1
ENG31032018#3,2
ENG31032018#4,0
ENG31032018#5,1
ENG31032018#6,2
ENG31032018#7,0
ENG01042018#0,1
ENG01042018#1,2
ENG07042018#0,0
ENG07042018#1,1
ENG07042018#2,2
ENG07042018#3,0
ENG07042018#4,1
ENG07042018#5,2
ENG07042018#6,0
ENG07042018#7,1
ENG08042018#0,2
ENG08042018#1,0
ENG14042018#0,1
ENG14042018#1,2
ENG14042018#2,0
ENG14042018#3,1
ENG14042018#4,2
ENG14042018#5,0
ENG14042018#6,1
ENG15042018#0,2
ENG15042018#1,0
ENG16042018#0,1
ENG17042018#0,2
ENG18042018#0,0
ENG19042018#0,1
ENG19042018#1,2
ENG21042018#0,0
ENG21042018#1,1
ENG22042018#0,2
ENG22042018#1,0
ENG22042018#2,1
ENG23042018#0,2
ENG28042018#0,0
ENG28042018#1,1
ENG28042018#2,2
ENG28042018#3,0
ENG28042018#4,1
ENG28042018#5,2
ENG28042018#6,0
ENG29042018#0,1
ENG29042018#1,2
ENG30042018#0,0
ENG04052018#0,1
ENG05052018#0,2
ENG05052018#1,0
ENG05052018#2,1
ENG05052018#3,2
ENG05052018#4,0
ENG05052018#5,1
ENG06052018#0,2
ENG06052018#1,0
ENG06052018#2,1
ENG08052018#0,2
ENG09052018#0,0
ENG09052018#1,1
ENG09052018#2,2
ENG09052018#3,0
ENG10052018#0,1
ENG13052018#0,2
ENG13052018#1,0
ENG13052018#2,1
ENG13052018#3,2
ENG13052018#4,0
ENG13052018#5,1
ENG13052018#6,2
ENG13052018#7,0
ENG13052018#8,1
ENG13052018#9,2
ITA190817#0,0
ITA200817#0,1
ITA200817#1,2
ITA200817#2,0
ITA200817#3,1
ITA200817#4,2
ITA200817#5,0
ITA200817#6,1
ITA200817#7,2
ITA260817#0,0
ITA260817#1,1
ITA260817#2,2
ITA270817#0,0
ITA270817#1,1
ITA270817#2,2
ITA270817#3,0
ITA270817#4,1
ITA270817#5,2
ITA270817#6,0
ITA090917#0,1
ITA100917#0,2
ITA100917#1,0
ITA100917#2,1
ITA100917#3,2
ITA100917#4,0
ITA100917#5,1
ITA100917#6,2
ITA100917#7,0
ITA160917#0,1
ITA160917#1,2
ITA160917#2,0
ITA170917#0,1
ITA170917#1,2
ITA170917#2,0
ITA170917#3,1
ITA170917#4,2
ITA170917#5,0
ITA170917#6,1
ITA190917#0,2
ITA200917#0,0
ITA200917#1,1
ITA200917#2,2
ITA200917#3,0
ITA200917#4,1
ITA200917#5,2
ITA200917#6,0
ITA200917#7,1
ITA200917#8,2
ITA230917#0,0
ITA230917#1,1
ITA230917#2,2
ITA240917#0,0
ITA240917#1,1
ITA240917#2,2
ITA240917#3,0
ITA240917#4,1
ITA240917#5,2
ITA240917#6,0
ITA300917#0,1
ITA300917#1,2
ITA011017#0,0
ITA011017#1,1
ITA011017#2,2
ITA011017#3,0
ITA011017#4,1
ITA011017#5,2
ITA011017#6,0
ITA011017#7,1
ITA141017#0,2
ITA141017#1,0
ITA151017#0,1
ITA151017#1,2
ITA151017#2,0
ITA151017#3,1
ITA151017#4,2
ITA151017#5,0
ITA151017#6,1
ITA161017#0,2
ITA211017#0,0
ITA211017#1,1
ITA221017#0,2
ITA221017#1,0
ITA221017#2,1
ITA221017#3,2
ITA221017#4,0
ITA221017#5,1
ITA221017#6,2
ITA221017#7,0
ITA241017#0,1
ITA251017#0,2
ITA251017#1,0
ITA251017#2,1
ITA251017#3,2
ITA251017#4,0
ITA251017#5,1
ITA251017#6,2
ITA251017#7,0
ITA251017#8,1
ITA281017#0,2
ITA281017#1,0
ITA291017#0,1
ITA291017#1,2
ITA291017#2,0
ITA291017#3,1
ITA291017#4,2
ITA291017#5,0
ITA291017#6,1
ITA301017#0,2
ITA041117#0,0
ITA041117#1,1
ITA051117#0,2
ITA051117#1,0
ITA051117#2,1
ITA051117#3,2
ITA051117#4,0
ITA051117#5,1
ITA051117#6,2
ITA181117#0,0
ITA181117#1,1
ITA191117#0,2
ITA191117#1,0
ITA191117#2,1
ITA191117#3,2
ITA191117#4,0
ITA191117#5,1
ITA191117#6,2
ITA201117#0,0
ITA251117#0,1
ITA251117#1,2
ITA251117#2,0
ITA251117#3,1
ITA261117#0,2
ITA261117#1,0
ITA261117#2,1
ITA261117#3,2
ITA261117#4,0
ITA271117#0,1
ITA011217#0,2
ITA011217#1,0
ITA021217#0,1
ITA031217#0,2
ITA031217#1,0
ITA031217#2,1
ITA031217#3,2
ITA031217#4,0
ITA041217#0,1
ITA041217#1,2
ITA091217#0,0
ITA091217#1,1
ITA101217#0,2
ITA101217#1,0
ITA101217#2,1
ITA101217#3,2
ITA101217#4,0
ITA101217#5,1
ITA111217#0,2
ITA121217#0,0
ITA161217#0,1
ITA161217#1,2
ITA161217#2,0
ITA171217#0,1
ITA171217#1,2
ITA171217#2,0
ITA171217#3,1
ITA171217#4,2
ITA171217#5,0
ITA171217#6,1
ITA221217#0,2
ITA221217#1,0
ITA231217#0,1
ITA231217#1,2
ITA231217#2,0
ITA231217#3,1
ITA231217#4,2
ITA231217#5,0
ITA231217#6,1
ITA231217#7,2
ITA291217#0,0
ITA301217#0,1
ITA301217#1,2
ITA301217#2,0
ITA301217#3,1
ITA301217#4,2
ITA301217#5,0
ITA301217#6,1
ITA301217#7,2
ITA301217#8,0
ITA050118#0,1
ITA050118#1,2
ITA060118#0,0
ITA060118#1,1
ITA060118#2,2
ITA060118#3,0
ITA060118#4,1
ITA060118#5,2
ITA060118#6,0
ITA060118#7,1
ITA210118#0,2
ITA210118#1,0
ITA210118#2,1
ITA210118#3,2
ITA210118#4,0
ITA210118#5,1
ITA210118#6,2
ITA210118#7,0
ITA210118#8,1
ITA220118#0,2
ITA240118#0,0
ITA240118#1,1
ITA270118#0,2
ITA270118#1,0
ITA280118#0,1
ITA280118#1,2
ITA280118#2,0
ITA280118#3,1
ITA280118#4,2
ITA280118#5,0
ITA280118#6,1
ITA280118#7,2
ITA030218#0,0
ITA030218#1,1
ITA040218#0,2
ITA040218#1,0
ITA040218#2,1
ITA040218#3,2
ITA040218#4,0
ITA040218#5,1
ITA040218#6,2
ITA050218#0,0
ITA090218#0,1
ITA100218#0,2
ITA100218#1,0
ITA100218#2,1
ITA110218#0,2
ITA110218#1,0
ITA110218#2,1
ITA110218#3,2
ITA110218#4,0
ITA110218#5,1
ITA170218#0,2
ITA170218#1,0
ITA170218#2,1
ITA180218#0,2
ITA180218#1,0
ITA180218#2,1
ITA180218#3,2
ITA180218#4,0
ITA180218#5,1
ITA190218#0,2
ITA240218#0,0
ITA240218#1,1
ITA250218#0,2
ITA250218#1,0
ITA250218#2,1
ITA250218#3,2
ITA250218#4,0
ITA250218#5,1
ITA260218#0,2
ITA030318#0,0
ITA030318#1,1
ITA030318#2,2
ITA090318#0,0
ITA100318#0,1
ITA110318#0,2
ITA110318#1,0
ITA110318#2,1
ITA110318#3,2
ITA110318#4,0
ITA110318#5,1
ITA110318#6,2
ITA110318#7,0
ITA140318#0,1
ITA170318#0,2
ITA170318#1,0
ITA180318#0,1
ITA180318#1,2
ITA180318#2,0
ITA180318#3,1
ITA180318#4,2
ITA180318#5,0
ITA180318#6,1
ITA180318#7,2
ITA310318#0,0
ITA310318#1,1
ITA310318#2,2
ITA310318#3,0
ITA310318#4,1
ITA310318#5,2
ITA310318#6,0
ITA310318#7,1
ITA310318#8,2
ITA310318#9,0
ITA030418#0,1
ITA030418#1,2
ITA030418#2,0
ITA040418#0,1
ITA040418#1,2
ITA040418#2,0
ITA040418#3,1
ITA070418#0,2
ITA070418#1,0
ITA070418#2,1
ITA070418#3,2
ITA080418#0,0
ITA080418#1,1
ITA080418#2,2
ITA080418#3,0
ITA080418#4,1
ITA080418#5,2
ITA140418#0,0
ITA140418#1,1
ITA140418#2,2
ITA140418#3,0
ITA150418#0,1
ITA150418#1,2
ITA150418#2,0
ITA150418#3,1
ITA150418#4,2
ITA150418#5,0
ITA170418#0,1
ITA180418#0,2
ITA180418#1,0
ITA180418#2,1
ITA180418#3,2
ITA180418#4,0
ITA180418#5,1
ITA180418#6,2
ITA180418#7,0
ITA180418#8,1
ITA210418#0,2
ITA210418#1,0
ITA210418#2,1
ITA220418#0,2
ITA220418#1,0
ITA220418#2,1
ITA220418#3,2
ITA220418#4,0
ITA220418#5,1
ITA230418#0,2
ITA280418#0,0
ITA280418#1,1
ITA290418#0,2
ITA290418#1,0
ITA290418#2,1
ITA290418#3,2
ITA290418#4,0
ITA290418#5,1
ITA290418#6,2
ITA290418#7,0
ITA050518#0,1
ITA050518#1,2
ITA060518#0,0
ITA060518#1,1
ITA060518#2,2
ITA060518#3,0
ITA060518#4,1
ITA060518#5,2
ITA060518#6,0
ITA060518#7,1
ITA120518#0,2
ITA120518#1,0
ITA130518#0,1
ITA130518#1,2
ITA130518#2,0
ITA130518#3,1
ITA130518#4,2
ITA130518#5,0
ITA130518#6,1
ITA130518#7,2
ITA190518#0,0
ITA200518#0,1
ITA200518#1,2
ITA200518#2,0
ITA200518#3,1
ITA200518#4,2
ITA200518#5,0
ITA200518#6,1
ITA200518#7,2
ITA200518#8,0
SPA180817#0,1
SPA180817#1,2
SPA190817#0,0
SPA190817#2,1
SPA200817#0,2
SPA200817#1,0
SPA200817#2,1
SPA210817#1,2
SPA250817#0,0
SPA250817#1,1
SPA260817#0,2
SPA260817#1,0
SPA260817#2,1
SPA260817#3,2
SPA270817#0,0
SPA270817#1,1
SPA270817#2,2
SPA270817#3,0
SPA080917#0,1
SPA090917#0,2
SPA090917#1,0
SPA090917#2,1
SPA090917#3,2
SPA100917#0,0
SPA100917#1,1
SPA100917#2,2
SPA100917#3,0
SPA110917#0,1
SPA150917#0,2
SPA160917#0,0
SPA160917#1,1
SPA160917#2,2
SPA160917#3,0
SPA170917#0,1
SPA170917#1,2
SPA170917#2,0
SPA170917#3,1
SPA180917#0,2
SPA190917#0,0
SPA190917#1,1
SPA200917#0,2
SPA200917#1,0
SPA200917#2,1
SPA200917#3,2
SPA200917#4,0
SPA210917#0,1
SPA210917#1,2
SPA210917#2,0
SPA230917#0,1
SPA230917#1,2
SPA230917#2,0
SPA230917#3,1
SPA240917#0,2
SPA240917#1,0
SPA240917#2,1
SPA240917#3,2
SPA240917#4,0
SPA250917#0,1
SPA290917#0,2
SPA300917#0,0
SPA300917#1,1
SPA300917#2,2
SPA300917#3,0
SPA011017#0,1
SPA011017#1,2
SPA011017#2,0
SPA011017#3,1
SPA011017#4,2
SPA131017#0,0
SPA141017#0,1
SPA141017#1,2
SPA141017#2,0
SPA141017#3,1
SPA151017#0,2
SPA151017#1,0
SPA151017#2,1
SPA151017#3,2
SPA161017#0,0
SPA211017#0,1
SPA211017#1,2
SPA211017#2,0
SPA211017#3,1
SPA221017#0,2
SPA221017#1,0
SPA221017#2,1
SPA221017#3,2
SPA231017#0,0
SPA231017#1,1
SPA281017#0,2
SPA281017#1,0
SPA281017#2,1
SPA281017#3,2
SPA291017#0,0
SPA291017#1,1
SPA291017#2,2
SPA291017#3,0
SPA301017#0,1
SPA301017#1,2
SPA031117#0,0
SPA041117#0,1
SPA041117#1,2
SPA041117#2,0
SPA041117#3,1
SPA051117#0,2
SPA051117#1,0
SPA051117#2,1
SPA051117#3,2
SPA051117#4,0
SPA171117#0,1
SPA181117#0,2
SPA181117#1,0
SPA181117#2,1
SPA181117#3,2
SPA191117#0,0
SPA191117#1,1
SPA191117#2,2
SPA191117#3,0
SPA201117#0,1
SPA241117#0,2
SPA251117#0,0
SPA251117#1,1
SPA251117#2,2
SPA251117#3,0
SPA261117#0,1
SPA261117#1,2
SPA261117#2,0
SPA261117#3,1
SPA271117#0,2
SPA011217#0,0
SPA021217#0,1
SPA021217#1,2
SPA021217#2,0
SPA021217#3,1
SPA031217#0,2
SPA031217#1,0
SPA031217#2,1
SPA031217#3,2
SPA041217#0,0
SPA081217#0,1
SPA091217#0,2
SPA091217#1,0
SPA091217#2,1
SPA091217#3,2
SPA101217#0,0
SPA101217#1,1
SPA101217#2,2
SPA101217#3,0
SPA111217#0,1
SPA151217#0,2
SPA161217#0,0
SPA161217#1,1
SPA161217#2,2
SPA171217#0,0
SPA171217#1,1
SPA171217#2,2
SPA171217#3,0
SPA181217#0,1
SPA191217#0,2
SPA201217#0,0
SPA201217#1,1
SPA211217#0,2
SPA211217#1,0
SPA221217#0,1
SPA221217#1,2
SPA231217#0,0
SPA231217#1,1
SPA231217#2,2
SPA060118#0,0
SPA060118#1,1
SPA060118#2,2
SPA060118#3,0
SPA070118#0,1
SPA070118#1,2
SPA070118#2,0
SPA070118#3,1
SPA070118#4,2
SPA080118#0,0
SPA120118#0,1
SPA130118#0,2
SPA130118#1,0
SPA130118#2,1
SPA130118#3,2
SPA140118#0,0
SPA140118#1,1
SPA140118#2,2
SPA140118#3,0
SPA150118#0,1
SPA190118#0,2
SPA200118#0,0
SPA200118#1,1
SPA200118#2,2
SPA200118#3,0
SPA210118#0,1
SPA210118#1,2
SPA210118#2,0
SPA210118#3,1
SPA220118#0,2
SPA260118#0,0
SPA270118#0,1
SPA270118#1,2
SPA270118#2,0
SPA270118#3,1
SPA280118#0,2
SPA280118#1,0
SPA280118#2,1
SPA280118#3,2
SPA290118#0,0
SPA020218#0,1
SPA030218#0,2
SPA030218#1,0
SPA030218#2,1
SPA030218#3,2
SPA040218#0,0
SPA040218#1,1
SPA040218#2,2
SPA040218#3,0
SPA050218#0,1
SPA090218#0,2
SPA100218#0,0
SPA100218#1,1
SPA100218#2,2
SPA100218#3,0
SPA110218#0,1
SPA110218#1,2
SPA110218#2,0
SPA110218#3,1
SPA120218#0,2
SPA160218#0,0
SPA170218#0,1
SPA170218#1,2
SPA170218#2,0
SPA170218#3,1
SPA180218#0,2
SPA180218#1,0
SPA180218#2,1
SPA180218#3,2
SPA190218#0,0
SPA210218#0,1
SPA230218#0,2
SPA240218#0,0
SPA240218#1,1
SPA240218#2,2
SPA240218#3,0
SPA250218#0,1
SPA250218#1,2
SPA250218#2,0
SPA250218#3,1
SPA260218#0,2
SPA270218#0,0
SPA270218#1,1
SPA280218#0,2
SPA280218#1,0
SPA280218#2,1
SPA280218#3,2
SPA280218#4,0
SPA010318#0,1
SPA010318#1,2
SPA010318#2,0
SPA030318#0,1
SPA030318#1,2
SPA030318#2,0
SPA030318#3,1
SPA030318#4,2
SPA040318#0,0
SPA040318#1,1
SPA040318#2,2
SPA040318#3,0
SPA050318#0,1
SPA090318#0,2
SPA100318#0,0
SPA100318#1,1
SPA100318#2,2
SPA100318#3,0
SPA110318#0,1
SPA110318#1,2
SPA110318#2,0
SPA110318#3,1
SPA120318#0,2
SPA160318#0,0
SPA170318#0,1
SPA170318#1,2
SPA170318#2,0
SPA170318#3,1
SPA180318#0,2
SPA180318#1,0
SPA180318#2,1
SPA180318#3,2
SPA180318#4,0
SPA310318#0,1
SPA310318#1,2
SPA310318#2,0
SPA310318#3,1
SPA010418#0,2
SPA010418#1,0
SPA010418#2,1
SPA010418#3,2
SPA010418#4,0
SPA020418#0,1
SPA060418#0,2
SPA070418#0,0
SPA070418#1,1
SPA070418#2,2
SPA070418#3,0
SPA080418#0,1
SPA080418#1,2
SPA080418#2,0
SPA080418#3,1
SPA090418#0,2
SPA130418#0,0
SPA140418#0,1
SPA140418#1,2
SPA140418#2,0
SPA140418#3,1
SPA140418#4,2
SPA150418#0,0
SPA150418#1,1
SPA150418#2,2
SPA150418#3,0
SPA170418#0,1
SPA170418#1,2
SPA170418#2,0
SPA180418#0,1
SPA180418#1,2
SPA180418#2,0
SPA190418#0,1
SPA190418#1,2
SPA190418#2,0
SPA190418#3,1
SPA200418#0,2
SPA210418#0,0
SPA210418#1,1
SPA220418#0,2
SPA220418#1,0
SPA220418#2,1
SPA220418#3,2
SPA230418#0,0
SPA270418#0,1
SPA280418#0,2
SPA280418#1,0
SPA280418#2,1
SPA280418#3,2
SPA290418#0,0
SPA290418#1,1
SPA290418#2,2
SPA290418#3,0
SPA300418#0,1
SPA040518#0,2
SPA050518#0,0
SPA050518#1,1
SPA050518#2,2
SPA050518#3,0
SPA060518#0,1
SPA060518#1,2
SPA060518#2,0
SPA060518#3,1
SPA070518#0,2
SPA090518#0,0
SPA090518#1,1
SPA120518#0,2
SPA120518#1,0
SPA120518#2,1
SPA120518#3,2
SPA120518#4,0
SPA120518#5,1
SPA120518#6,2
SPA120518#7,0
SPA130518#0,1
SPA130518#1,2
SPA190518#0,0
SPA190518#1,1
SPA190518#2,2
SPA190518#3,0
SPA190518#4,1
SPA190518#5,2
SPA200518#0,0
SPA200518#1,1
SPA200518#2,2
SPA200518#3,0
